{"stats":{"minecraft:picked_up":{"minecraft:sponge":1,"minecraft:stone":450,"minecraft:repeater":12,"minecraft:chest_minecart":2,"minecraft:redstone_lamp":1,"minecraft:torch":1,"minecraft:stone_button":2,"minecraft:redstone":61,"minecraft:sign":2,"minecraft:lever":6,"minecraft:comparator":9,"minecraft:redstone_torch":19,"minecraft:observer":1,"minecraft:hopper_minecart":1,"minecraft:rail":12},"minecraft:used":{"minecraft:redstone_torch":213,"minecraft:sticky_piston":45,"minecraft:glass":301,"minecraft:lever":56,"minecraft:water_bucket":87,"minecraft:spruce_door":7,"minecraft:dropper":6,"minecraft:command_block":4,"minecraft:powered_rail":19,"minecraft:grass_block":6,"minecraft:oak_button":14,"minecraft:dispenser":6,"minecraft:redstone":444,"minecraft:stone_button":6,"minecraft:spruce_pressure_plate":4,"minecraft:chest":44,"minecraft:sign":98,"minecraft:spruce_planks":162,"minecraft:stone_slab":106,"minecraft:stone":1075,"minecraft:hopper_minecart":15,"minecraft:white_wool":1071,"minecraft:torch":66,"minecraft:rail":85,"minecraft:repeater":131,"minecraft:redstone_lamp":11,"minecraft:anvil":9,"minecraft:comparator":93,"minecraft:hopper":238,"minecraft:white_stained_glass_pane":7,"minecraft:trapped_chest":1,"minecraft:orange_wool":1205,"minecraft:chest_minecart":5,"minecraft:sponge":3,"minecraft:observer":3},"minecraft:dropped":{"minecraft:torch":1,"minecraft:observer":1,"minecraft:hopper_minecart":1},"minecraft:custom":{"minecraft:time_since_rest":482154,"minecraft:sprint_one_cm":72817,"minecraft:inspect_dropper":10,"minecraft:walk_one_cm":399676,"minecraft:drop":3,"minecraft:inspect_hopper":361,"minecraft:damage_dealt":20,"minecraft:fly_one_cm":919978,"minecraft:open_chest":295,"minecraft:crouch_one_cm":4080,"minecraft:play_one_minute":482154,"minecraft:sneak_time":14844,"minecraft:walk_under_water_one_cm":5367,"minecraft:jump":556,"minecraft:leave_game":7,"minecraft:walk_on_water_one_cm":1691,"minecraft:time_since_death":482154,"minecraft:inspect_dispenser":12}},"DataVersion":1519}